,rel,strength,label,rel_names
0,0.85,0.00035677064701891605,function-action,implied_category
1,1.25,0.0,encyclopedic,implied_category
2,1.35,0.00022768725344078923,part,implied_category
3,1.35,0.011139895369022167,part,implied_category
4,1.0,0.0,temperature,implied_category
5,1.35,0.011888096263018866,part,implied_category
6,1.3,0.0,taxonomic,implied_category
7,1.3,0.0,taxonomic,implied_category
8,0.85,0.0013259511071805601,function-action,implied_category
9,1.35,0.005155061302564852,part,implied_category
10,1.4,0.0011114277399175455,shape,implied_category
11,1.35,0.00010108620297932145,part,implied_category
12,1.3,0.0,taxonomic,implied_category
13,1.4,0.018033488382835743,shape,implied_category
14,0.85,0.0,function-action,implied_category
15,1.4,0.0012083386898349327,shape,implied_category
16,3.35,0.08803302843475301,part,typical_of_concept
17,2.8,0.000488952467456336,material,typical_of_concept
18,2.85,0.0002857369406944187,function-action,typical_of_concept
19,2.95,0.001442155637289567,taste,typical_of_concept
20,7.35,0.031231176058516552,part,affording_activity
21,6.95,0.0047502760501473675,taste,affording_activity
22,6.95,0.0,taste,affording_activity
23,7.35,0.0012903194561189471,part,affording_activity
24,9.3,0.0,taxonomic,afforded_usual
25,8.85,0.0,function-action,afforded_usual
26,9.3,0.0,taxonomic,afforded_usual
27,10.85,0.00031176374784506593,function-action,afforded_unusual
28,10.85,0.0013471503549076687,function-action,afforded_unusual
29,10.85,0.0006159233435875932,function-action,afforded_unusual
30,10.85,0.0001861208655272247,function-action,afforded_unusual
31,10.85,0.0,function-action,afforded_unusual
32,10.85,0.0,function-action,afforded_unusual
33,10.85,0.0005299841703207062,function-action,afforded_unusual
34,10.85,0.0007682083199096121,function-action,afforded_unusual
35,10.85,0.00034173071458849867,function-action,afforded_unusual
36,10.85,0.0,function-action,afforded_unusual
37,10.85,0.00048539100013575274,function-action,afforded_unusual
38,10.85,0.002733559375169531,function-action,afforded_unusual
39,10.85,0.0,function-action,afforded_unusual
40,10.85,0.0,function-action,afforded_unusual
41,10.85,0.00021621957092035185,function-action,afforded_unusual
42,10.85,0.0,function-action,afforded_unusual
43,10.85,0.00015721695652105822,function-action,afforded_unusual
44,10.85,0.0,function-action,afforded_unusual
45,10.85,0.00042570279508165673,function-action,afforded_unusual
46,10.85,0.0,function-action,afforded_unusual
47,12.95,0.0075562205574923385,taste,variability_limited
48,12.8,0.006710555273376284,material,variability_limited
49,13.4,0.00010965992649992146,shape,variability_limited
50,13.4,0.0,shape,variability_limited
51,12.8,0.0,material,variability_limited
52,12.85,0.0,function-action,variability_limited
53,12.8,0.003109043895976061,material,variability_limited
54,12.95,0.014016243530633644,taste,variability_limited
55,12.8,0.0029470400291964397,material,variability_limited
56,13.45,0.0025612280985497734,color,variability_limited
57,13.45,0.005029452732346549,color,variability_limited
58,13.45,0.008725716398726074,color,variability_limited
59,13.45,0.0017159007142953835,color,variability_limited
60,12.95,0.015791642168560494,taste,variability_limited
61,12.95,0.0008728752855421729,taste,variability_limited
62,12.8,0.003217665297642535,material,variability_limited
63,13.45,0.0,color,variability_limited
64,12.95,0.0003831808181629243,taste,variability_limited
65,12.85,0.004077229089972469,function-action,variability_limited
66,13.45,0.0026838324062675775,color,variability_limited
67,12.95,0.0053044753116004975,taste,variability_limited
68,13.45,0.0038962274375842817,color,variability_limited
69,12.95,0.0,taste,variability_limited
70,13.45,0.0005439749890431717,color,variability_limited
71,12.95,0.0014047149653450316,taste,variability_limited
72,13.45,0.0031575660109240617,color,variability_limited
73,13.45,0.005302856524948053,color,variability_limited
74,12.95,0.0018995465134324476,taste,variability_limited
75,13.4,0.0010782511572301828,shape,variability_limited
76,13.45,0.000779417191867225,color,variability_limited
77,12.95,0.0021328144746090715,taste,variability_limited
78,13.4,0.0007598195249666374,shape,variability_limited
79,12.8,0.001595481186000896,material,variability_limited
80,13.4,0.003319516976806252,shape,variability_limited
81,13.4,0.0,shape,variability_limited
82,13.45,0.002381571863443383,color,variability_limited
83,13.45,0.002650621103489285,color,variability_limited
84,13.45,0.0050351949857562655,color,variability_limited
85,13.45,0.007271896626547345,color,variability_limited
86,12.95,0.007988568649800644,taste,variability_limited
87,13.45,0.0,color,variability_limited
88,13.4,0.0,shape,variability_limited
89,12.95,9.22300861168613e-05,taste,variability_limited
90,13.45,0.0,color,variability_limited
91,13.45,0.0,color,variability_limited
92,13.45,0.009210221669865548,color,variability_limited
93,13.45,0.0006756912158597681,color,variability_limited
94,13.45,0.0013841746187616625,color,variability_limited
95,12.8,0.0,material,variability_limited
96,12.95,0.0,taste,variability_limited
97,13.4,0.0,shape,variability_limited
98,12.95,0.0026119823315817856,taste,variability_limited
99,12.85,0.00018693707727877672,function-action,variability_limited
100,12.95,0.002985870651003869,taste,variability_limited
101,12.85,0.0007607889329547427,function-action,variability_limited
102,13.45,0.0,color,variability_limited
103,13.45,0.0008204268134007238,color,variability_limited
104,12.95,0.0003369472166730615,taste,variability_limited
105,12.95,0.008602280866635031,taste,variability_limited
106,12.8,0.0,material,variability_limited
107,12.95,0.0063362137808182116,taste,variability_limited
108,12.85,0.0027639748922246724,function-action,variability_limited
109,12.95,0.07935030267923339,taste,variability_limited
110,13.45,0.0005718113018990012,color,variability_limited
111,12.85,0.00041389976943925256,function-action,variability_limited
112,13.4,0.0,shape,variability_limited
113,12.95,0.0,taste,variability_limited
114,13.45,0.002964571143012851,color,variability_limited
115,13.45,0.0,color,variability_limited
116,13.4,0.0,shape,variability_limited
117,12.8,0.004374556972485516,material,variability_limited
118,12.85,0.0010532604624993824,function-action,variability_limited
119,12.85,0.0007063235539651143,function-action,variability_limited
120,13.4,0.0009249997304396521,shape,variability_limited
121,13.45,0.0,color,variability_limited
122,12.95,0.011946591745033172,taste,variability_limited
123,12.95,0.0,taste,variability_limited
124,12.85,0.0057038939770331296,function-action,variability_limited
125,13.4,0.0,shape,variability_limited
126,13.45,0.0,color,variability_limited
127,13.45,0.0,color,variability_limited
128,12.95,0.0,taste,variability_limited
129,12.8,0.013427605132719114,material,variability_limited
130,13.45,0.004226819928223393,color,variability_limited
131,13.45,0.0,color,variability_limited
132,13.4,0.00308345353442306,shape,variability_limited
133,13.45,6.901738721681808e-05,color,variability_limited
134,13.45,0.0030471168663726953,color,variability_limited
135,13.4,0.0,shape,variability_limited
136,12.8,0.0015561001890277333,material,variability_limited
137,12.95,0.0008534694760825008,taste,variability_limited
138,12.8,0.00044099853803788617,material,variability_limited
139,12.95,0.005000750765281957,taste,variability_limited
140,13.45,0.0033435835273434474,color,variability_limited
141,13.4,0.0,shape,variability_limited
142,13.45,0.0028492235240418734,color,variability_limited
143,13.45,0.0,color,variability_limited
144,13.45,0.0,color,variability_limited
145,13.45,0.00561185335551533,color,variability_limited
146,13.45,0.0,color,variability_limited
147,13.45,0.0033061333058422896,color,variability_limited
148,13.45,0.00037054016506383455,color,variability_limited
149,12.95,0.009113263763154147,taste,variability_limited
150,12.8,0.0028391613011233565,material,variability_limited
151,12.95,0.0,taste,variability_limited
152,12.95,0.0001796923621809739,taste,variability_limited
153,12.85,0.0004673339102416629,function-action,variability_limited
154,12.95,0.0023943928298872353,taste,variability_limited
155,13.45,0.0012861628310249893,color,variability_limited
156,13.45,0.004029179011655221,color,variability_limited
157,12.95,0.009141203156743063,taste,variability_limited
158,13.45,0.004978912962241836,color,variability_limited
159,13.45,0.0,color,variability_limited
160,15.4,0.003136076672178268,shape,variability_open
161,15.45,0.001513946543475171,color,variability_open
162,15.45,0.00400094300248817,color,variability_open
163,15.45,0.00014461296790451401,color,variability_open
164,15.45,0.00016852600862916987,color,variability_open
165,15.45,0.0014308667383035442,color,variability_open
166,15.45,0.001919848294643729,color,variability_open
167,15.45,0.0033179227350082553,color,variability_open
168,15.45,0.002895578419936698,color,variability_open
169,15.4,0.0,shape,variability_open
170,15.45,0.003998020926868934,color,variability_open
171,15.45,0.0015749398425646142,color,variability_open
172,15.45,0.006571440649326934,color,variability_open
173,15.45,0.0006648357651247539,color,variability_open
174,15.45,0.001687020393858531,color,variability_open
175,15.45,0.0010699103748764284,color,variability_open
176,15.45,0.00030976307837300455,color,variability_open
177,15.45,4.671293644389909e-05,color,variability_open
178,15.45,0.001077683282119325,color,variability_open
179,15.4,0.0,shape,variability_open
180,15.45,0.0007820965135475355,color,variability_open
181,14.95,0.0,taste,variability_open
182,15.4,0.002689758772106646,shape,variability_open
183,15.45,0.0011453417339811719,color,variability_open
184,15.4,0.0010256085932123802,shape,variability_open
185,15.45,0.0079753637963535,color,variability_open
186,15.4,0.0,shape,variability_open
187,15.4,0.003193142115137224,shape,variability_open
188,15.4,0.0,shape,variability_open
189,15.45,0.0048610734481283864,color,variability_open
190,15.45,0.0009610146100906408,color,variability_open
191,15.45,0.0,color,variability_open
192,15.45,0.0008495468866795285,color,variability_open
193,15.45,0.00035408026590644514,color,variability_open
194,15.4,0.0,shape,variability_open
195,15.45,0.0003139469627762936,color,variability_open
196,15.45,0.0008946147340603411,color,variability_open
197,15.45,0.0022600110749813013,color,variability_open
198,15.45,0.0007595304398771122,color,variability_open
199,15.45,0.0004492766867359609,color,variability_open
200,15.45,0.0004955116649178847,color,variability_open
201,15.45,0.0,color,variability_open
202,15.45,0.009288282504299058,color,variability_open
203,15.45,0.00590681376658269,color,variability_open
204,15.4,0.0,shape,variability_open
205,15.45,0.0011514324754743858,color,variability_open
206,15.45,0.0018635908039045454,color,variability_open
207,15.45,0.001084170240181366,color,variability_open
208,15.45,0.0,color,variability_open
209,15.45,0.00576476637138888,color,variability_open
210,15.45,0.0009639930498990182,color,variability_open
211,15.45,0.002450547855453707,color,variability_open
212,15.45,0.0005736029031372344,color,variability_open
213,15.45,0.021391986257764832,color,variability_open
214,14.95,0.0005336332346993468,taste,variability_open
215,15.45,0.00030627547972078,color,variability_open
216,15.45,0.00585318440473591,color,variability_open
217,15.45,0.005206945273045465,color,variability_open
218,15.45,0.0012057712764934247,color,variability_open
219,15.45,0.00266332625129725,color,variability_open
220,15.45,0.0006555086321279462,color,variability_open
221,15.45,0.0024341962434430496,color,variability_open
222,15.4,0.0,shape,variability_open
223,15.4,0.0,shape,variability_open
224,15.4,0.000673341480048403,shape,variability_open
225,15.45,0.000333102121579603,color,variability_open
226,15.45,0.0,color,variability_open
227,15.4,0.0,shape,variability_open
228,15.4,0.0020285962789127637,shape,variability_open
229,15.45,0.0021643469708305194,color,variability_open
230,15.4,0.0,shape,variability_open
231,15.45,0.003962883876184296,color,variability_open
232,15.45,0.002179738706163767,color,variability_open
233,15.45,9.90490208920322e-05,color,variability_open
234,15.4,0.0013930689613531695,shape,variability_open
235,15.45,0.002167659240009213,color,variability_open
236,15.4,0.0,shape,variability_open
237,17.25,0.0,encyclopedic,variability_limited_scalar
238,19.0,0.0014916387221219872,temperature,variability_open_scalar
239,19.0,0.0022507123773514107,temperature,variability_open_scalar
240,19.0,0.0003177757530385904,temperature,variability_open_scalar
241,19.0,0.0020354821184236428,temperature,variability_open_scalar
242,19.0,0.0,temperature,variability_open_scalar
243,19.0,0.0003404845866758794,temperature,variability_open_scalar
244,19.0,0.00023180007274322165,temperature,variability_open_scalar
245,19.0,0.0,temperature,variability_open_scalar
246,19.0,0.0011063865573409735,temperature,variability_open_scalar
247,19.0,0.0,temperature,variability_open_scalar
248,19.0,0.00038815064813708976,temperature,variability_open_scalar
249,19.0,0.00079418892994807,temperature,variability_open_scalar
250,19.0,0.0030255871133014686,temperature,variability_open_scalar
251,19.0,0.006725695044338965,temperature,variability_open_scalar
252,19.0,0.0019078002355887352,temperature,variability_open_scalar
253,19.0,0.002813575980242519,temperature,variability_open_scalar
254,19.0,0.001019685305784751,temperature,variability_open_scalar
255,19.0,0.005554785014686384,temperature,variability_open_scalar
256,19.0,0.0,temperature,variability_open_scalar
257,19.0,0.002105960282135897,temperature,variability_open_scalar
258,19.0,0.0007889601131448934,temperature,variability_open_scalar
259,19.0,0.0018586874332306626,temperature,variability_open_scalar
260,19.0,0.0008624049901195355,temperature,variability_open_scalar
261,19.0,0.0,temperature,variability_open_scalar
262,19.0,0.00027028780056848165,temperature,variability_open_scalar
263,19.0,0.0,temperature,variability_open_scalar
264,19.0,0.0,temperature,variability_open_scalar
265,19.0,0.0005624575481684941,temperature,variability_open_scalar
266,19.0,0.0,temperature,variability_open_scalar
267,19.0,0.0006584051513101228,temperature,variability_open_scalar
268,19.0,0.0003522992094992217,temperature,variability_open_scalar
269,19.0,0.0,temperature,variability_open_scalar
270,19.0,0.0001987181256593147,temperature,variability_open_scalar
271,19.0,0.0004540752050729805,temperature,variability_open_scalar
272,19.0,0.0012744147662153936,temperature,variability_open_scalar
273,19.0,0.000608852103895036,temperature,variability_open_scalar
274,19.0,0.0056178159864297165,temperature,variability_open_scalar
275,19.0,0.00014858009140447765,temperature,variability_open_scalar
276,19.0,0.0,temperature,variability_open_scalar
277,19.0,9.930320330910678e-05,temperature,variability_open_scalar
278,19.0,0.0,temperature,variability_open_scalar
279,19.0,0.0005838154623649999,temperature,variability_open_scalar
280,19.0,0.00013142031336301375,temperature,variability_open_scalar
281,19.0,0.0007710116665386905,temperature,variability_open_scalar
282,19.0,0.001184765469439503,temperature,variability_open_scalar
283,19.0,0.0008225767110375899,temperature,variability_open_scalar
284,19.0,0.0,temperature,variability_open_scalar
285,19.0,0.0,temperature,variability_open_scalar
286,19.0,0.00015297612772411734,temperature,variability_open_scalar
287,19.0,0.000910779804164584,temperature,variability_open_scalar
288,19.0,0.0004531220638843752,temperature,variability_open_scalar
289,19.0,0.0,temperature,variability_open_scalar
290,19.0,0.0014585947800162579,temperature,variability_open_scalar
291,19.0,0.0005161119879461055,temperature,variability_open_scalar
292,19.0,0.0005054422873137828,temperature,variability_open_scalar
293,19.0,0.003583708046646433,temperature,variability_open_scalar
294,19.0,0.0025111288046398075,temperature,variability_open_scalar
295,19.0,0.0012313503035087116,temperature,variability_open_scalar
296,19.0,0.0006026653989808564,temperature,variability_open_scalar
297,19.0,0.003116588901907135,temperature,variability_open_scalar
298,19.0,0.002565693320187979,temperature,variability_open_scalar
299,19.0,0.003086608290497969,temperature,variability_open_scalar
300,19.0,0.0004968609312782509,temperature,variability_open_scalar
301,19.0,0.0006080092120720664,temperature,variability_open_scalar
302,19.0,0.0023732459668232577,temperature,variability_open_scalar
303,19.0,0.0006264121195963385,temperature,variability_open_scalar
304,19.0,0.0007709398128823825,temperature,variability_open_scalar
305,19.0,0.0,temperature,variability_open_scalar
306,19.0,0.0033403272177174384,temperature,variability_open_scalar
307,19.0,0.0011216238191097561,temperature,variability_open_scalar
308,19.0,0.0020965413319441453,temperature,variability_open_scalar
309,19.0,0.003170117299628122,temperature,variability_open_scalar
310,19.0,0.0,temperature,variability_open_scalar
311,19.0,0.002836017646442465,temperature,variability_open_scalar
312,19.0,0.0002219094051875724,temperature,variability_open_scalar
313,19.0,0.0,temperature,variability_open_scalar
314,19.0,0.0,temperature,variability_open_scalar
315,19.0,0.00023238387134460326,temperature,variability_open_scalar
316,19.0,0.006851146497172543,temperature,variability_open_scalar
317,19.0,0.0,temperature,variability_open_scalar
318,19.0,0.0009116617582307953,temperature,variability_open_scalar
319,19.0,0.0006256496389871309,temperature,variability_open_scalar
320,19.0,0.0003909026615560867,temperature,variability_open_scalar
321,19.0,0.0010755672266795785,temperature,variability_open_scalar
322,19.0,0.0018866047035225643,temperature,variability_open_scalar
323,19.0,0.00088698355854389,temperature,variability_open_scalar
324,19.0,0.0003930350317800124,temperature,variability_open_scalar
325,19.0,0.0,temperature,variability_open_scalar
326,19.0,0.001442723339307895,temperature,variability_open_scalar
327,19.0,0.0,temperature,variability_open_scalar
328,19.0,0.0025417720954105665,temperature,variability_open_scalar
329,19.0,0.0,temperature,variability_open_scalar
330,19.0,0.005201496011374699,temperature,variability_open_scalar
331,19.0,0.0011927168565384165,temperature,variability_open_scalar
332,19.0,0.0010088957047513691,temperature,variability_open_scalar
333,19.25,0.0006872415226746446,encyclopedic,variability_open_scalar
334,19.0,0.0005503191883744286,temperature,variability_open_scalar
335,19.0,0.0,temperature,variability_open_scalar
336,21.0,0.0,temperature,rare
337,21.45,0.0066665801977024266,color,rare
338,20.95,0.002962619621460129,taste,rare
339,21.45,0.0,color,rare
340,21.45,0.0007586742010635082,color,rare
341,21.0,0.0,temperature,rare
342,20.95,0.003715315350259137,taste,rare
343,20.95,0.001729932598595637,taste,rare
344,21.45,0.0,color,rare
345,20.95,0.0481362410280746,taste,rare
346,21.45,0.0002671189538312095,color,rare
347,20.85,0.0,function-action,rare
348,20.95,0.0004851055206560739,taste,rare
349,21.45,0.0,color,rare
350,21.45,0.0,color,rare
351,21.45,0.0,color,rare
352,20.85,0.0,function-action,rare
353,21.45,0.0,color,rare
354,20.85,0.0019228272788730301,function-action,rare
355,23.45,0.0,color,unusual
356,22.85,0.00012002943530496948,function-action,unusual
357,23.0,0.0,temperature,unusual
358,23.0,0.00033427312720854215,temperature,unusual
359,23.45,0.0,color,unusual
360,22.85,0.0,function-action,unusual
361,22.85,0.00031320918971738666,function-action,unusual
362,23.25,0.00012460466204830726,encyclopedic,unusual
363,23.45,0.0,color,unusual
364,23.45,0.0027496395302998786,color,unusual
365,23.45,0.00046792850278102926,color,unusual
366,23.35,0.000320131723106992,part,unusual
367,23.0,0.00019117212743516895,temperature,unusual
368,22.95,0.0,taste,unusual
369,23.35,0.0003049847487991909,part,unusual
370,23.45,0.000522898690604291,color,unusual
371,23.45,0.001047600074548976,color,unusual
372,22.85,0.000351539728710926,function-action,unusual
373,23.45,0.0,color,unusual
374,23.45,0.009645596844411117,color,unusual
375,22.85,5.741095174742327e-05,function-action,unusual
376,22.95,0.0,taste,unusual
377,23.45,0.00036115919295329153,color,unusual
378,23.35,0.0009653935208648878,part,unusual
379,22.85,0.0,function-action,unusual
380,22.85,0.0008202266821084887,function-action,unusual
381,22.85,0.00018674814860575304,function-action,unusual
382,23.45,9.896997063269147e-05,color,unusual
383,23.45,0.0025716782178214987,color,unusual
384,23.45,0.0006220807122440415,color,unusual
385,23.45,0.0004342726254705968,color,unusual
386,22.85,0.0,function-action,unusual
387,23.45,0.0,color,unusual
388,22.85,0.0,function-action,unusual
389,22.95,6.64359905211564e-05,taste,unusual
390,22.85,0.0,function-action,unusual
391,23.45,0.0,color,unusual
392,23.0,0.0006452173182061552,temperature,unusual
393,22.85,0.0,function-action,unusual
394,23.4,0.0,shape,unusual
395,22.95,0.015559323867550452,taste,unusual
396,23.45,0.0008485721515071631,color,unusual
397,22.85,0.0,function-action,unusual
398,22.8,0.0,material,unusual
399,22.85,0.0,function-action,unusual
400,22.85,7.593535900641194e-05,function-action,unusual
401,22.95,0.006170203746341768,taste,unusual
402,22.85,0.007730674374699202,function-action,unusual
403,22.85,0.0,function-action,unusual
404,23.35,0.0,part,unusual
405,23.4,0.0,shape,unusual
406,23.25,6.487339868196e-05,encyclopedic,unusual
407,23.45,0.0007576087286278323,color,unusual
408,23.45,0.0,color,unusual
409,22.85,0.0,function-action,unusual
410,22.85,0.0012521077291046923,function-action,unusual
411,23.0,0.0,temperature,unusual
412,23.45,0.0,color,unusual
413,23.45,0.0009794576752921366,color,unusual
414,23.45,0.0,color,unusual
415,22.85,0.0001974542379055136,function-action,unusual
416,23.0,0.0016349548835565442,temperature,unusual
417,23.45,0.0007414827331548135,color,unusual
418,23.0,0.0,temperature,unusual
419,23.35,0.0,part,unusual
420,23.45,0.0,color,unusual
421,23.45,0.00248505332207317,color,unusual
422,23.45,0.0004943378033275454,color,unusual
423,22.85,0.00011767062821595684,function-action,unusual
424,22.85,0.00018501376629895724,function-action,unusual
425,23.45,0.0014732069355624516,color,unusual
426,23.25,0.00013935703377274025,encyclopedic,unusual
427,23.45,0.0039507614999105605,color,unusual
428,22.85,0.0004402235873696357,function-action,unusual
429,23.0,0.0,temperature,unusual
430,23.45,0.0,color,unusual
431,22.85,0.0,function-action,unusual
432,22.85,0.0,function-action,unusual
433,23.25,0.0,encyclopedic,unusual
434,22.85,0.00014396118518515295,function-action,unusual
435,23.45,0.0,color,unusual
436,22.85,0.0,function-action,unusual
437,23.0,0.0012237407051666775,temperature,unusual
438,23.45,0.00044024742097437396,color,unusual
439,25.3,0.0,taxonomic,impossible
440,25.25,0.0006219992454191679,encyclopedic,impossible
441,24.85,0.0,function-action,impossible
442,25.45,0.004230811129420614,color,impossible
443,24.85,0.0,function-action,impossible
444,25.4,0.0005674680656855833,shape,impossible
445,25.35,0.00033542477848827777,part,impossible
446,24.95,0.0,taste,impossible
447,24.95,0.00043426215474750434,taste,impossible
448,25.3,0.0,taxonomic,impossible
449,25.35,0.0,part,impossible
450,25.3,0.0,taxonomic,impossible
451,25.35,0.0,part,impossible
452,25.45,0.00032935758540680984,color,impossible
453,24.85,0.0,function-action,impossible
454,25.35,0.00012737698567571835,part,impossible
455,24.85,0.0,function-action,impossible
456,24.95,0.0,taste,impossible
457,25.25,0.0006055576282492196,encyclopedic,impossible
458,24.85,0.0,function-action,impossible
459,25.45,0.0003949737158244072,color,impossible
460,25.45,0.0011524361093218096,color,impossible
461,25.35,0.0004555776107175326,part,impossible
462,25.0,0.00019855609865436152,temperature,impossible
463,25.45,0.004574288967173333,color,impossible
464,24.85,0.00040179642080235997,function-action,impossible
465,25.45,0.00024336102180022286,color,impossible
466,25.3,0.0,taxonomic,impossible
467,25.45,0.004102219840615314,color,impossible
468,24.95,0.0002616793130649086,taste,impossible
469,25.35,0.0,part,impossible
470,25.45,0.0,color,impossible
471,24.85,0.0,function-action,impossible
472,25.45,0.00012722001080241193,color,impossible
473,25.3,0.0,taxonomic,impossible
474,25.3,0.0,taxonomic,impossible
475,24.95,0.0,taste,impossible
476,25.3,0.0,taxonomic,impossible
477,25.3,0.0,taxonomic,impossible
478,25.3,0.0,taxonomic,impossible
479,24.85,0.00014853344037167292,function-action,impossible
480,24.85,0.0,function-action,impossible
481,24.85,0.002003784719363335,function-action,impossible
482,25.35,0.000301302333514775,part,impossible
483,24.95,0.0,taste,impossible
484,24.85,0.0,function-action,impossible
485,25.45,0.00315679810163076,color,impossible
486,25.3,0.0,taxonomic,impossible
487,24.85,0.0,function-action,impossible
488,24.95,0.004536427546438326,taste,impossible
489,25.4,0.0,shape,impossible
490,25.3,0.0,taxonomic,impossible
491,25.35,0.0,part,impossible
492,25.3,0.0,taxonomic,impossible
493,25.4,0.0,shape,impossible
494,24.85,0.0,function-action,impossible
495,25.3,0.0,taxonomic,impossible
496,25.35,0.000619809810454056,part,impossible
497,24.85,0.0,function-action,impossible
498,25.45,0.0028166374300998246,color,impossible
499,25.45,0.00031351450764640184,color,impossible
500,25.45,0.0,color,impossible
501,25.45,0.000641418279311529,color,impossible
502,24.85,0.00016251796626853252,function-action,impossible
503,24.85,0.0,function-action,impossible
504,25.35,0.0,part,impossible
505,24.8,0.0016773357042006234,material,impossible
506,24.85,2.4260103487665077e-05,function-action,impossible
507,24.85,0.00015755700054189754,function-action,impossible
508,25.45,0.0009207834138917969,color,impossible
509,25.0,0.014181162055512044,temperature,impossible
510,24.85,0.0006494982397827544,function-action,impossible
511,24.85,0.00102979142981845,function-action,impossible
512,25.45,0.0,color,impossible
513,24.8,0.0,material,impossible
514,24.85,0.0,function-action,impossible
515,25.35,0.0,part,impossible
516,25.3,0.0,taxonomic,impossible
517,24.95,0.0,taste,impossible
518,24.95,0.0,taste,impossible
519,25.45,0.0008957171534926805,color,impossible
520,24.85,0.0,function-action,impossible
521,25.3,0.0,taxonomic,impossible
522,25.35,0.00016206093938771391,part,impossible
523,25.35,0.0,part,impossible
524,25.45,0.0009961640405971837,color,impossible
525,25.45,0.0,color,impossible
526,25.3,0.0,taxonomic,impossible
527,25.3,0.0,taxonomic,impossible
528,25.4,0.0,shape,impossible
529,25.45,0.0019757256710489506,color,impossible
530,24.8,0.0,material,impossible
531,25.45,0.0004155051846472431,color,impossible
532,25.35,0.0,part,impossible
533,24.85,0.0007802038950140929,function-action,impossible
534,24.85,6.098681539029961e-05,function-action,impossible
535,25.35,0.0,part,impossible
536,25.45,0.0,color,impossible
537,25.45,0.0004982606518691201,color,impossible
538,24.85,0.0,function-action,impossible
539,25.3,0.0,taxonomic,impossible
540,25.45,0.0,color,impossible
541,24.85,0.0003235902347217824,function-action,impossible
542,24.85,0.0,function-action,impossible
543,25.35,0.0,part,impossible
544,24.85,0.0,function-action,impossible
545,24.85,0.0008795634950506565,function-action,impossible
546,25.3,0.0,taxonomic,impossible
547,24.95,0.00042463673883962977,taste,impossible
548,24.85,0.0,function-action,impossible
549,24.85,6.695057676458486e-06,function-action,impossible
550,24.85,0.0,function-action,impossible
551,24.85,0.00017792521573341727,function-action,impossible
552,24.95,0.004982993155613818,taste,impossible
553,25.45,0.0,color,impossible
554,25.4,0.0,shape,impossible
555,24.8,0.0015477268314135837,material,impossible
556,25.45,0.00442680945247496,color,impossible
557,25.35,0.0,part,impossible
558,24.85,0.00019470617379832854,function-action,impossible
559,24.85,0.0,function-action,impossible
560,25.45,0.00017067611795811274,color,impossible
561,25.35,0.0,part,impossible
562,24.85,0.0,function-action,impossible
563,24.85,0.0,function-action,impossible
564,24.8,0.0,material,impossible
565,25.3,0.0,taxonomic,impossible
566,25.35,0.0,part,impossible
567,25.35,0.0023956339119558445,part,impossible
568,25.35,0.0003386662120572139,part,impossible
569,24.95,0.0015765078566786093,taste,impossible
570,24.95,0.0,taste,impossible
571,25.45,0.0,color,impossible
572,25.45,0.0020083427580698185,color,impossible
573,25.35,8.151034624433294e-05,part,impossible
574,24.85,0.001477575258915299,function-action,impossible
575,24.85,0.0,function-action,impossible
576,25.45,0.0006320815647391817,color,impossible
577,25.35,0.0023296749002780334,part,impossible
578,25.3,0.0,taxonomic,impossible
579,24.95,0.0006348246284636587,taste,impossible
580,24.85,0.00013334500982003136,function-action,impossible
581,24.85,0.0,function-action,impossible
582,24.95,0.0024874391943376963,taste,impossible
583,25.3,0.0,taxonomic,impossible
584,25.45,0.001754024609703843,color,impossible
585,25.3,0.0,taxonomic,impossible
586,25.4,0.0,shape,impossible
587,25.35,0.0,part,impossible
588,25.3,0.0,taxonomic,impossible
589,24.85,0.0003587277852552227,function-action,impossible
590,25.3,0.0,taxonomic,impossible
591,24.95,0.0002610647173279258,taste,impossible
592,24.85,0.0,function-action,impossible
593,25.3,0.0,taxonomic,impossible
594,24.85,0.0,function-action,impossible
595,25.3,0.0,taxonomic,impossible
596,25.45,0.00016221540389169643,color,impossible
597,25.35,0.0008645472718545998,part,impossible
598,25.3,0.0,taxonomic,impossible
599,24.85,0.00028208690424541126,function-action,impossible
600,25.3,0.0,taxonomic,impossible
601,25.45,0.0004881268500699627,color,impossible
602,24.85,0.0004843341602440074,function-action,impossible
603,24.85,0.0,function-action,impossible
604,24.85,0.00014725457289111078,function-action,impossible
605,25.35,0.0,part,impossible
606,24.85,0.0004404804655101542,function-action,impossible
607,24.95,0.00193148142797343,taste,impossible
608,25.0,0.0005898925592791778,temperature,impossible
609,25.35,0.0,part,impossible
610,25.45,9.437993073000403e-05,color,impossible
611,24.85,0.0008947217918401981,function-action,impossible
612,25.3,0.0,taxonomic,impossible
613,24.85,5.639058341119105e-05,function-action,impossible
614,25.45,0.0003909294541099671,color,impossible
615,24.85,0.0,function-action,impossible
616,24.85,7.437203082783358e-05,function-action,impossible
617,25.3,0.0,taxonomic,impossible
618,24.95,0.0,taste,impossible
619,24.85,0.0,function-action,impossible
620,24.95,0.0,taste,impossible
621,25.45,0.0011352578009958512,color,impossible
622,25.3,0.0,taxonomic,impossible
623,25.3,0.0,taxonomic,impossible
624,25.45,0.0003954749139715531,color,impossible
625,24.95,0.0,taste,impossible
626,25.45,0.0026731525197658665,color,impossible
627,24.85,0.0,function-action,impossible
628,25.35,0.0013158937983711524,part,impossible
629,24.85,0.0008674393305802249,function-action,impossible
630,25.45,0.00024113513421971947,color,impossible
631,24.95,0.001156755769896527,taste,impossible
632,25.45,0.0,color,impossible
633,25.35,6.964695306532415e-05,part,impossible
634,24.85,0.0010654997836736725,function-action,impossible
635,24.85,0.0,function-action,impossible
636,25.45,0.0008332781861557195,color,impossible
637,25.3,0.0,taxonomic,impossible
638,24.95,0.001995620988639523,taste,impossible
639,25.35,0.0014994591252504843,part,impossible
640,24.8,0.0,material,impossible
641,25.0,0.0031795496004206167,temperature,impossible
642,25.35,0.00019056160625362964,part,impossible
643,24.85,0.00036923579178643236,function-action,impossible
644,25.35,0.0,part,impossible
645,25.45,0.0010322610216883547,color,impossible
646,25.3,0.0,taxonomic,impossible
647,25.35,0.0,part,impossible
648,25.3,0.0,taxonomic,impossible
649,25.3,0.0,taxonomic,impossible
650,24.85,0.0,function-action,impossible
651,25.45,0.004552561770054439,color,impossible
652,24.85,0.0,function-action,impossible
653,24.85,0.0,function-action,impossible
654,24.95,0.0,taste,impossible
655,25.4,0.0,shape,impossible
656,24.8,0.003187697594634609,material,impossible
657,25.3,0.0,taxonomic,impossible
658,24.85,0.0,function-action,impossible
659,24.85,0.00010740694116766778,function-action,impossible
660,24.85,0.0,function-action,impossible
661,25.3,0.0,taxonomic,impossible
662,25.45,0.0,color,impossible
663,25.35,0.0,part,impossible
664,25.45,0.0011959272235218992,color,impossible
665,24.85,0.0,function-action,impossible
666,24.85,0.0,function-action,impossible
667,24.85,0.0,function-action,impossible
668,25.35,0.0,part,impossible
669,24.85,0.0,function-action,impossible
670,24.95,0.0,taste,impossible
671,24.85,0.0002782746568389911,function-action,impossible
672,24.85,0.0,function-action,impossible
673,25.35,0.0,part,impossible
674,25.45,0.003379106957797023,color,impossible
675,24.95,0.0015248377525265838,taste,impossible
676,25.3,0.0,taxonomic,impossible
677,24.85,0.0004471767723754441,function-action,impossible
678,25.35,0.0,part,impossible
679,25.35,8.460846751666083e-05,part,impossible
680,24.85,0.0,function-action,impossible
681,25.45,0.0016131804631361998,color,impossible
682,24.95,0.0004229043988451687,taste,impossible
683,24.85,0.00040883502952602754,function-action,impossible
684,25.45,0.002268646813205609,color,impossible
685,24.85,0.0,function-action,impossible
686,25.35,0.0003358019969358497,part,impossible
687,25.3,0.0,taxonomic,impossible
688,24.8,0.001075063320542675,material,impossible
689,24.85,0.0005185398214357889,function-action,impossible
690,25.45,0.002270772148587327,color,impossible
691,24.85,0.0,function-action,impossible
692,25.4,0.0,shape,impossible
693,24.95,0.0017099547547413632,taste,impossible
694,24.85,0.0,function-action,impossible
695,24.85,0.00016344733864908747,function-action,impossible
696,24.85,0.0,function-action,impossible
697,24.95,0.0,taste,impossible
698,24.85,0.0,function-action,impossible
699,25.0,0.0004343657300375265,temperature,impossible
700,25.35,0.00021632201581464944,part,impossible
701,25.35,0.0,part,impossible
702,25.35,0.0,part,impossible
703,24.85,0.0005979848124931035,function-action,impossible
704,24.85,0.0,function-action,impossible
705,25.3,0.0,taxonomic,impossible
706,24.85,0.0004980531910067136,function-action,impossible
707,25.45,0.0005459768919988307,color,impossible
708,24.85,0.0,function-action,impossible
709,24.85,0.0013948050839199806,function-action,impossible
710,24.95,0.0,taste,impossible
711,24.85,0.0,function-action,impossible
712,25.0,0.0011578198988490228,temperature,impossible
713,24.85,0.0,function-action,impossible
714,25.3,0.0,taxonomic,impossible
715,25.3,0.0,taxonomic,impossible
716,24.85,0.0011482597766250867,function-action,impossible
717,24.85,0.0,function-action,impossible
718,24.95,0.0,taste,impossible
719,25.3,0.0,taxonomic,impossible
720,25.35,0.000352391076758881,part,impossible
721,25.45,0.001060012013971058,color,impossible
722,24.85,0.0,function-action,impossible
723,24.85,0.0,function-action,impossible
724,24.85,0.00025914987326321545,function-action,impossible
725,25.3,0.0,taxonomic,impossible
726,25.3,0.0,taxonomic,impossible
727,24.85,0.00013907896232189266,function-action,impossible
728,25.3,0.0,taxonomic,impossible
729,25.45,0.0,color,impossible
730,24.95,0.00033108993547499197,taste,impossible
731,24.85,0.0,function-action,impossible
732,24.85,0.000772713121225234,function-action,impossible
733,24.85,0.0002677457500528583,function-action,impossible
734,25.45,0.0,color,impossible
735,25.3,0.0,taxonomic,impossible
736,25.3,0.0,taxonomic,impossible
737,25.45,0.0013066370249521827,color,impossible
738,24.85,0.0003229373825104204,function-action,impossible
739,24.85,0.0,function-action,impossible
740,24.85,0.00019635178210803707,function-action,impossible
741,24.85,0.00038807775086857664,function-action,impossible
742,25.45,0.0015908147601570517,color,impossible
743,25.35,0.0,part,impossible
744,25.3,0.0,taxonomic,impossible
745,24.95,7.167089362540128e-05,taste,impossible
746,25.45,0.0,color,impossible
747,25.45,0.0004180667909135509,color,impossible
748,25.3,0.0,taxonomic,impossible
749,25.3,0.0,taxonomic,impossible
750,25.45,0.0002070370237374549,color,impossible
751,24.85,0.0,function-action,impossible
752,27.4,0.0013944522277058767,shape,creative
753,26.95,0.00034361678806395,taste,creative
754,27.45,0.001042713504960623,color,creative
755,26.8,5.571437359033545e-05,material,creative
756,27.35,0.009156247073722347,part,creative
757,27.45,0.0005764349306180923,color,creative
758,26.95,0.0,taste,creative
759,27.0,0.00024080803866561207,temperature,creative
760,27.25,0.00019023033910252273,encyclopedic,creative
761,26.95,0.0,taste,creative
762,27.0,0.00029745426942245033,temperature,creative
763,27.4,0.0005439634384150168,shape,creative
764,27.45,0.0004896621175902061,color,creative
765,27.35,0.0,part,creative
766,27.0,0.015055188523280142,temperature,creative
767,26.95,0.0,taste,creative
768,27.3,0.0,taxonomic,creative
769,26.85,0.0007061275250035698,function-action,creative
770,27.0,4.843101055942549e-05,temperature,creative
771,27.4,0.0,shape,creative
772,27.4,0.0002592995713676933,shape,creative
773,26.85,7.021345125366886e-05,function-action,creative
774,26.85,0.0,function-action,creative
